{"cameraMode":{"drawMode":0,"name":"Shaded","section":"Shading Mode"},"sceneLighting":false,"audioPlay":false,"sceneViewState":{"showFog":true,"showMaterialUpdate":false,"showSkybox":false,"showFlares":true,"showImageEffects":true,"showParticleSystems":true},"in2DMode":false,"pivot":{"x":-5.229999542236328,"y":-2.7200000286102297,"z":-4.949999809265137},"rotation":{"x":-0.09193508327007294,"y":0.9050694704055786,"z":-0.32986342906951907,"w":-0.25224706530570986},"size":0.8660253882408142,"orthographic":false}